num,name,p_np,smiles
1344,loteprednol(loteprednol-etabonate),1,CCOC(=O)OC3(CCC4C2CCC1=CC(=O)C=CC1(C)C2C(O)CC34C)C(=O)OCCl
293,Metronidazole,1,Cc1ncc(n1CCO)[N+]([O-])=O
1504,promoxolane,1,C(C1OC(C(C)C)(C(C)C)OC1)O
1130,crilvastatin,1,CC2(CC(OC(C1NC(=O)CC1)=O)CC(C2)C)C
1028,befloxatone,1,[C@@H]2(CN(C1=CC=C(C=C1)OCC[C@H](C(F)(F)F)O)C(O2)=O)COC
1814,doxefazepam,1,C1=C(Cl)C=CC2=C1C(=NC(O)C(N2CCO)=O)C3=CC=CC=C3F
1517,quetiapine,1,C1=CC=CC3=C1C(=NC2=CC=CC=C2S3)N4CCN(CCOCCO)CC4
1823,eterobarb,1,C2=C(C1(C(N(C(=O)N(C1=O)COC)COC)=O)CC)C=CC=C2
1967,pipotiazine,1,C1=C([S](N(C)C)(=O)=O)C=CC3=C1N(C2=C(C=CC=C2)S3)CCCN4CCC(CCO)CC4
123,Gabapentin,1,NCC1(CCCCC1)CC(O)=O
1445,pagoclone,1,C4=C3C(N(C1=CC=C2C(=N1)N=C(Cl)C=C2)C(=O)C3=CC=C4)CC(CCC(C)C)=O
836,fibracillin,0,CC1(C)S[C@@H]2[C@H](NC(=O)[C@H](NC(=O)C(C)(C)Oc3ccc(Cl)cc3)c4ccccc4)C(=O)N2[C@H]1C(O)=O
254,Colchicine,0,COC1=CC=C2C(=CC1=O)[C@H](CCc3cc(OC)c(OC)c(OC)c23)NC(C)=O
57,compound 36,1,CN(C)Cc1ccc(CSCCNC2=C([N+]([O-])=O)C(Cc3ccccc3)=CN2)o1
745,bacmecillinam,0,CCOC(=O)OC(C)OC(=O)[C@@H]1N2[C@H](SC1(C)C)[C@H](N=CN3CCCCCC3)C2=O
303,mepenzolatebromide,0,[Br-].C[N+]1(C)CCCC(C1)OC(=O)C(O)(c2ccccc2)c3ccccc3
1993,roflurane,1,COC(C(F)Br)(F)F
177,Trometamol,0,NC(CO)(CO)CO
2022,tomoxetine,1,[C@H](OC1=C(C=CC=C1)C)(C2=CC=CC=C2)CCNC
1560,spiradoline,1,[C@]24(C[C@@H]([C@@H](N(C(CC1=CC(=C(Cl)C=C1)Cl)=O)C)CC2)N3CCCC3)CCCO4
1783,dazepinil,1,CN2C(Cc1ccccc1N=C2C)c3ccccc3
1229,fenharmane,1,C4=C3[NH]C1=C(CCNC1CC2=CC=CC=C2)C3=CC=C4
1748,ciclopramine,1,C4=C2C1=C(CCC3=C(N1CCC2NC)C=CC=C3)C=C4
338,Org30526,1,c1c2c(cc(c1)Cl)[C@@H]1[C@H](c3ccccc3O2)CNC1
1115,clorgiline,1,C1=C(C(=CC(=C1)Cl)Cl)OCCCN(CC#C)C
652,22,1,c1(c(oc(c1C)C(N(C(C)(N)C)C(N)(C)C)(C)C)C)C.C[NH+]O.[OH-]
325,Methylprednisolone,0,C[C@H]1C[C@H]2[C@@H]3CC[C@](O)(C(=O)CO)[C@@]3(C)C[C@H](O)[C@@H]2[C@@]4(C)C=CC(=O)C=C14
1471,phenytoin,1,C1=CC=CC=C1C3(C2=CC=CC=C2)NC(=O)NC3=O
738,apalcillin,0,CC1(C)S[C@@H]2C(NC(=O)[C@H](NC(=O)C3=CNc4cccnc4C3=O)c5ccccc5)C(=O)N2[C@H]1C(O)=O
547,ICI197067,1,CC(C)[C@@H](CN1CCCC1)N(C)C(=O)Cc2ccc(Cl)c(Cl)c2
773,cefivitril,0,Cn1nnnc1SCC2=C(N3[C@H](SC2)[C@H](NC(=O)CS\C=C/C#N)C3=O)C(O)=O
1327,lesopitron,1,C1=CC=NC(=N1)N3CCN(CCCC[N]2C=C(Cl)C=N2)CC3
390,"""2,2-dimethylbutane""",1,CCC(C)(C)C
795,ceftioxide,0,CO/N=C(C(=O)N[C@H]1[C@@H]2N(C1=O)C(=C(COC(C)=O)C[S]2=O)C(O)=O)/c3csc(N)n3
1390,mometasone(mometasone-furoate),1,[C@H]34[C@H]2[C@@](Cl)([C@@]1(C(=CC(=O)C=C1)CC2)C)[C@@H](O)C[C@@]3([C@](O)([C@@H](C4)C)C(=O)CCl)C
1948,paramethadione,1,C(C)C1(C)C(=O)N(C(O1)=O)C
1912,methylprednisolone-acetate,1,[C@H]24[C@H]1[C@@]([C@](C(COC(CCC(O)=O)=O)=O)(O)CC1)(C[C@@H]([C@@H]2[C@@]3(C(=CC(=O)C=C3)[C@H](C4)C)C)O)C
701,methylpentynol,1,CCC(C)(O)C#C
403,testolactone,0,C[C@]12CC[C@H]3[C@@H](CCC4=CC(=O)C=C[C@]34C)[C@@H]1CCC(=O)O2
1440,oxifentorex,1,C1=CC=CC=C1C[N+](C(CC2=CC=CC=C2)C)(C)[O-]
1382,midaflur,1,C1(=NC(NC1(C(F)(F)F)C(F)(F)F)(C(F)(F)F)C(F)(F)F)N
1309,imiclopazine,1,C1=C(Cl)C=CC3=C1N(C2=C(C=CC=C2)S3)CCCN5CCN(CCN4C(N(C)CC4)=O)CC5
674,8-5,0,CN(C)Cc1oc(cc1)CSCCNC=1NC=C(CN1)Cc1cnc(cc1)C
1813,dosulepin,1,[H+].C3=C2\C(C1=CC=CC=C1SCC2=CC=C3)=C\CCN(C)C.[Cl-]
557,cocaine,1,COC(=O)[C@H]1[C@H](CC2CCC1N2C)OC(=O)c3ccccc3
1150,desciclovir,1,C1=NC(=NC2=C1N=C[N]2COCCO)N
1054,brotizolam,1,C1=C(Br)SC2=C1C(=NCC3=NN=C([N]23)C)C4=C(C=CC=C4)Cl
485,Methohexital,1,CCC#CC(C)C1(CC=C)C(=O)NC(=O)N(C)C1=O
1791,desflurane,1,O(C(C(F)(F)F)F)C(F)F
1241,fluazacort,1,[C@@]34(F)C(C2C(C1(N=C(OC1C2)C)C(=O)COC(=O)C)(CC3O)C)CCC5=CC(=O)C=CC45C
226,trazodone,1,Clc1cccc(c1)N2CCN(CCCN3N=C4C=CC=CN4C3=O)CC2
1750,ciladopa,1,[C@@H](CN2CCN(C1=CC=CC=CC1=O)CC2)(C3=CC(=C(OC)C=C3)OC)O
179,Urea,1,NC(N)=O
1422,nivazol(nivacortol),1,[C@H]12C([C@@](O)(CC1)C#C)(CC[C@H]3C2CCC4=CC5=C(CC34C)C=N[N]5C6=CC=C(F)C=C6)C
1466,pheneturide,1,C1=CC=CC=C1C(C(NC(N)=O)=O)CC
210,Dyclonine,0,[Cl].CCCCOc1ccc(cc1)C(=O)CCN2CCCCC2
1194,enciprazine,1,C3=C(N2CCN(CC(COC1=CC(=C(OC)C(=C1)OC)OC)O)CC2)C(=CC=C3)OC
1265,flutomidate,1,C1=C(C(OCC)=O)[N](C=N1)C(C)C2=CC=C(C=C2)F
1058,butaperazine,1,C1=C(C(CCC)=O)C=CC3=C1N(C2=C(C=CC=C2)S3)CCCN4CCN(C)CC4
74,2,1,Cc1csc(n1)N=C(N)N
1248,flumoxonide,1,[C@]12(OC(O[C@@H]1CC3C2(CC(O)[C@@]4(F)C3C[C@H](F)C5=CC(=O)C=CC45C)C)(C)C)C(=O)C(OC)OC
1085,chloroform,1,C(Cl)(Cl)Cl
134,Cefazolin,0,[Na+].Cc1sc(SCC2=C(N3[C@H](SC2)[C@H](NC(=O)Cn4cnnn4)C3=O)C([O-])=O)nn1
499,bufotenine,1,CN(C)CCc1c[nH]c2ccc(O)cc12
294,Mifepristone,0,CC#C[C@]1(O)CC[C@H]2[C@@H]3CCC4=CC(=O)CCC4=C3[C@H](C[C@]12C)c5ccc(cc5)N(C)C
437,Divinylether,1,C=COC=C
1760,clemeprol,1,C1=CC=CC(=C1)C(C(CN(C)C)O)C2=CC=C(C=C2)Cl
1549,savoxepin,1,N#Cc5ccc4Oc1ccccc1C2=C(CCN(CC2)CC3CCCC3)c4c5
1927,naranol,1,C1=C4C(=C2C(=C1)C=CC=C2)CC3CN(C)CC(C3(O4)O)C
1252,fluoresone,1,C1=CC(=CC=C1[S](CC)(=O)=O)F
915,rifapentine,0,CO[C@H]1\C=C\O[C@@]2(C)Oc3c(C)c(O)c4C(=C(NC(=O)C(=C/C=C/[C@H](C)[C@H](O)[C@@H](C)[C@@H](O)[C@@H](C)[C@H](OC(C)=O)[C@@H]1C)\C)C(=C/NN5CCN(CC5)C6CCCC6)\C(=O)c4c3C2=O)O
1270,folic-acid,1,[C@H](NC(C3=CC=C(NCC1=NC2=C(N=C1)NC(=NC2=O)N)C=C3)=O)(CCC(O)=O)C(O)=O
483,Indinavir,1,CC(C)(C)NC(=O)[C@@H]1CN(CCN1C[C@@H](O)C[C@@H](Cc2ccccc2)C(=O)N[C@@H]3[C@H](O)Cc4ccccc34)Cc5cccnc5
1541,ropinirole,1,C2=C(C1=C(NC(C1)=O)C=C2)CCN(CCC)CCC
312,L-663581,1,CC(C)c1onc(n1)c2ncn3c2CN(C)C(=O)c4c(Cl)cccc34
1939,olanzapine,1,C1=C3C(=CC=C1)N=C2SC(=CC2=C(N3)N4CCN(CC4)C)C
1162,diclometide,1,C1=C(Cl)C=C(C(=C1C(NCCN(CC)CC)=O)OC)Cl
1532,rivastigmine,1,[C@H](C1=CC(=CC=C1)OC(N(CC)C)=O)(N(C)C)C
362,Risperidone,1,CC1=C(CCN2CCC(CC2)c3noc4cc(F)ccc34)C(=O)N5CCCCC5=N1
2010,tenilapine,1,C3=C2C(=NC1=CSC=C1C(/C2=CS3)=C/C#N)N4CCN(C)CC4
1891,maroxepin,1,C1=CC=CC3=C1C4=C(C2=C(C=CC=C2)O3)CCN(CC4)C
508,Org13011,1,C1N(CCN(C1)c1cc(ccn1)C(F)(F)F)CCCCN1C(CCC1)=O
1143,dacemazine,1,C1=CC=CC3=C1N(C2=C(C=CC=C2)S3)C(CN(C)C)=O
624,SB205605,0,c1(ccc(c(c1)Cl)Cl)CC(N1[C@H](C[N@@]2C[C@@H](CC2)O)c2c(CC1)[nH]cn2)=O
255,Cromoglicicacid,0,OC(COc1ccc2OC(=CC(=O)c2c1)C(O)=O)COc3cccc4OC(=CC(=O)c34)C(O)=O
1326,ketobemidone,1,C1=C(C=CC=C1C2(CCN(C)CC2)C(CC)=O)O
833,fenbenicillin,0,CC1(C)S[C@@H]2[C@H](NC(=O)C(Oc3ccccc3)c4ccccc4)C(=O)N2[C@H]1C(O)=O
704,Amikacin,1,NCC[C@H](O)C(=O)N[C@@H]1C[C@H](N)[C@@H](O[C@H]2O[C@H](CN)[C@@H](O)[C@H](O)[C@H]2O)[C@H](O)[C@H]1O[C@H]3O[C@H](CO)[C@@H](O)[C@H](N)[C@H]3O
569,Y-G20,0,c1c(nc2n1cccc2)CCN
1591,tefludazine,1,[C@@H]2(C3=C([C@H](C1=CC=C(C=C1)F)C2)C=CC(=C3)C(F)(F)F)N4CCN(CCO)CC4
336,Nevirapine,1,Cc1ccnc2N(C3CC3)c4ncccc4C(=O)Nc12
81,compound 32,1,[O-][N+](C1=CC=NC1NCCSCc2ccccn2)=O
143,phenobarbital,1,CCC1(C(=O)NC(=O)NC1=O)c2ccccc2
1386,minaxolone,1,[C@@H]23[C@H]([C@H]1[C@]([C@@H](C(C)=O)CC1)(C)C[C@H]2N(C)C)CC[C@@H]4[C@@]3(C[C@H](OCC)[C@H](C4)O)C
1600,thebacon,1,C1=CC(=C4C2=C1CC5C3C2(C(C(=CC3)OC(C)=O)O4)CCN5C)OC
1361,mequitazine,1,C1=CC=CC2=C1SC5=C(N2CC3C4CCN(C3)CC4)C=CC=C5
820,dipivefrin,0,CNCC(O)c1ccc(OC(=O)C(C)(C)C)c(OC(=O)C(C)(C)C)c1
645,14,1,c1cc(ncc1)CSCCNc1c(cc[nH]1)[N+](=O)[O-]
1787,delorazepam,1,C1=C(Cl)C=CC2=C1C(=NCC(N2)=O)C3=CC=CC=C3Cl
1845,fluorometholone,1,[C@]23([C@H]([C@H]1[C@]([C@](C(C)=O)(O)CC1)(C)C[C@@H]2O)C[C@H](C)C4=CC(=O)C=C[C@]34C)F
1487,pivagabine,1,C(NC(C(C)(C)C)=O)CCC(O)=O
1126,cortisuzol,1,[C@H]37[C@H]2[C@@]([C@](C(COC(C1=CC(=CC=C1)[S](O)(=O)=O)=O)=O)(O)[C@@H](C2)C)(C[C@@H]([C@@H]3[C@@]4(C(=CC5=C(C4)C=N[N]5C6=CC=CC=C6)C(=C7)C)C)O)C
2042,viqualine,1,C1=C(OC)C=CC2=NC=CC(=C12)CCCC3C(CNCC3)C=C
1753,cinperene,1,C1=CC=CC=C1C4(C3CCN(C\C=C\C2=CC=CC=C2)CC3)C(NC(=O)CC4)=O
1310,imidoline,1,C2=C(N1C(N(CCN(C)C)CC1)=O)C=CC=C2Cl
460,Fluroxene,1,FC(F)(F)COC=C
644,12,0,c1c(c(ncc1)CSCCN\C(=[NH]\C#N)NCC)Br
1159,dichlorisone,1,[C@@]23(Cl)C(C1C([C@](O)(CC1)C(=O)CO)(CC2Cl)C)CCC4=CC(=O)C=CC34C
80,Org4428,1,OC12c3c(Oc4c(C)cccc4C2CN(CC1)C)cccc3
1158,dexoxadrol(dioxadrolandlevoxadrol),1,[C@@H]1(NCCCC1)[C@@H]2OC(OC2)(C3=CC=CC=C3)C4=CC=CC=C4
891,pecocycline,0,CN(C)[C@H]1[C@@H]2C[C@H]3C(=C(O)c4c(O)cccc4[C@@]3(C)O)C(=O)[C@]2(O)C(=O)\C(=C(/O)NCN5CCCC(C5)C(O)=O)C1=O
1542,roxoperone,1,C1=CC(=CC=C1C(CCCN3CCC2(C(N(C)C(C2)=O)=O)CC3)=O)F
252,zimelidine,1,CN(C)C/C=C(/c1ccc(Br)cc1)c2cccnc2
718,nicotine,1,CN1CCC[C@H]1c2cccnc2
1433,ocaperidone,1,C1=CC(=CC2=C1C(=NO2)C5CCN(CCC3=C(N=C4N(C3=O)C=CC=C4C)C)CC5)F
1074,carzenide,1,C1=C(C=CC(=C1)[S](N)(=O)=O)C(O)=O
877,mirincamycin,0,CCCCCC1CNC(C1)C(=O)NC(C(C)Cl)C2OC(SC)C(O)C(O)C2O
1212,etiracetam(levetiracetam),1,C(C(N1C(CCC1)=O)C(N)=O)C
1338,loratadine,1,C1=CC(=CC2=C1C(C3=C(CC2)C=CC=N3)=C4CCN(C(OCC)=O)CC4)Cl
1507,propizepine,1,C1=CC=CC2=C1N(C(C3=C(N2)N=CC=C3)=O)CC(N(C)C)C
676,9-C1,1,n1(c(c2nc[nH]c2n(c1=O)C)=O)C
970,alclometasone-dipropionate,1,[C@@]4([C@@]3([C@H]([C@H]2[C@@H]([C@@]1(C(=CC(=O)C=C1)C[C@H]2Cl)C)[C@H](C3)O)C[C@H]4C)C)(C(COC(CC)=O)=O)OC(CC)=O
159,corticosterone,0,C[C@]12C[C@H](O)[C@H]3[C@@H](CCC4=CC(=O)CC[C@]34C)[C@@H]1CC[C@@H]2C(=O)CO
990,amelometasone,1,[C@H]12[C@@]([C@](OC(=O)CC)([C@H](C1)C)C(=O)COC)(C[C@H](O)[C@@]3(F)[C@H]2CCC4=CC(=O)C=C[C@]34C)C
515,GR91272,1,c1(ccc(c(c1)Cl)Cl)CC(N1[C@@H](c2c(CC1)occ2)C[N@@]1C[C@@H](CC1)O)=O
422,theophylline,0,CN1C(=O)N(C)c2nc[nH]c2C1=O
306,mestranol,0,COc1ccc2[C@H]3CC[C@@]4(C)[C@@H](CC[C@@]4(O)C#C)[C@@H]3CCc2c1
95,celiprolol,1,CCN(CC)C(=O)Nc1ccc(OCC(O)CNC(C)(C)C)c(c1)C(C)=O
1169,dimethadione,1,CC1(C(NC(O1)=O)=O)C
827,epicillin,0,CC1(C)S[C@@H]2[C@H](NC(=O)[C@H](N)C3=CCC=CC3)C(=O)N2[C@H]1C(O)=O
1570,sulthiame(sultiame),1,C1=CC(=CC=C1N2[S](CCCC2)(=O)=O)[S](N)(=O)=O
1930,nefopam,1,C1=CC=CC3=C1C(C2=CC=CC=C2)OCCN(C3)C
1489,pramiracetam,1,C(N1C(CCC1)=O)C(NCCN(C(C)C)C(C)C)=O
9,diltiazem,1,COc1ccc(cc1)[C@@H]2Sc3ccccc3N(CCN(C)C)C(=O)[C@@H]2OC(C)=O
619,5-68,1,s1c(ncc1)CCN
733,almecillin,0,[Na+].CC1(C)SC2C(NC(=O)CSCC=C)C(=O)N2C1C([O-])=O
1543,sabcomeline,1,CON=C(C#N)C1CN2CCC1CC2
429,valinomycin,0,CC(C)[C@@H]1NC(=O)[C@H](C)OC(=O)C(NC(=O)[C@H](OC(=O)[C@@H](NC(=O)[C@H](C)OC(=O)[C@H](NC(=O)[C@H](OC(=O)[C@@H](NC(=O)[C@H](C)OC(=O)[C@H](NC(=O)[C@H](OC1=O)C(C)C)C(C)C)C(C)C)C(C)C)C(C)C)C(C)C)C(C)C)C(C)C
974,algestone-acetonide,1,CC14C5(C(CC1C3C(C2(C(=CC(=O)CC2)CC3)C)CC4)OC(O5)(C)C)C(C)=O
1529,rimcazole,1,CC4CN(CCCn2c1ccccc1c3ccccc23)CC(C)N4
1096,cinolazepam,1,C1=C(Cl)C=CC2=C1C(=NC(O)C(N2CCC#N)=O)C3=CC=CC=C3F
1076,cebaracetam,1,C1=CC(=CC=C1C3CN(CC(N2CC(NCC2)=O)=O)C(C3)=O)Cl
1245,fludrocortisone,1,[C@H]23[C@@]([C@@]1(C(=CC(=O)CC1)CC2)C)([C@H](C[C@]4([C@H]3CC[C@@]4(C(CO)=O)O)C)O)F
47,compound 37,1,CN(C)Cc1ccc(c2cccc(NC3C([N+]([O-])=O)=CC=N3)c2)o1
595,Ebastine,0,CC(C)(C)c1ccc(cc1)C(=O)CCCN2CCC(CC2)OC(c3ccccc3)c4ccccc4
148,Oxacillin,0,Cc1onc(c2ccccc2)c1C(=O)N[C@H]3[C@H]4SC(C)(C)[C@@H](N4C3=O)C(O)=O
1247,flumezapine,1,C1=C(F)C=CC2=C1NC(=C3C(=N2)SC(=C3)C)N4CCN(CC4)C
62,22767,1,c1(nc(NC(N)=[NH2])sc1)CSCCNC(=[NH]C#N)NC
1804,difencloxazine,1,Clc1ccc(cc1)C(OCCN2CCOCC2)c3ccccc3
1134,cyclobarbital,1,C(C2(C1=CCCCC1)C(NC(=O)NC2=O)=O)C
1276,ftormetazine,1,C1=C(C(F)(F)F)C=CC3=C1N(C2=C(C=CC=C2)S3)C(CCN4CCN(C)CC4)=O
1089,ciclotizolam,1,C1=C(SC2=C1C(=NCC3=NN=C([N]23)C4CCCCC4)C5=CC=CC=C5Cl)Br
1551,semorphone,1,[C@@]125C3=C4C[C@H]([C@@]1(CCC([C@@H]2OC3=C(C=C4)O)=O)O)N(CCOC)CC5
634,ethosuximide,1,CCC1(C)CC(=O)NC1=O
360,Phenylbutazone,0,CCCCC1C(=O)N(N(C1=O)c2ccccc2)c3ccccc3
811,cyclacillin,0,CC1(C)S[C@@H]2[C@H](NC(=O)C3(N)CCCCC3)C(=O)N2[C@H]1C(O)=O
639,glaziovine,1,COc1cc2CCN(C)C3CC4(C=CC(=O)C=C4)c(c1O)c23
757,cefadroxil,0,CC1=C(N2[C@H](SC1)[C@H](NC(=O)[C@H](N)c3ccc(O)cc3)C2=O)C(O)=O
782,cefotiam,0,CN(C)CCn1nnnc1SCC2=C(N3[C@H](SC2)[C@H](NC(=O)Cc4csc(N)n4)C3=O)C(O)=O
1046,bisorcic,1,[C@H](CCCNC(C)=O)(C(O)=O)NC(C)=O
1949,paramethasone,1,[C@]12(C(=CC(C=C1)=O)[C@H](C[C@H]3[C@H]4[C@](C[C@@H]([C@H]23)O)([C@](C(=O)CO)(O)[C@@H](C4)C)C)F)C
947,xantocillin,0,Oc1ccc(cc1)/C=C([N+]#[C-])/C(=C/c2ccc(O)cc2)[N+]#[C-]
216,estradiol,0,C[C@]12CC[C@H]3[C@@H](CCc4cc(O)ccc34)[C@@H]1CC[C@@H]2O
1528,rilmazafone,1,C2=C([N]1C(=NC(=N1)C(N(C)C)=O)CNC(CN)=O)C(=CC(=C2)Cl)C(C3=C(C=CC=C3)Cl)=O
1491,prednicarbate,1,[C@@]4([C@@]3([C@H]([C@H]2[C@@H]([C@@]1(C(=CC(=O)C=C1)CC2)C)[C@H](C3)O)CC4)C)(C(COC(CC)=O)=O)OC(OCC)=O
1799,dibenzepin,1,C1=CC=CC2=C1N(C(C3=C(N2C)C=CC=C3)=O)CCN(C)C
747,benserazide,0,NC(CO)C(=O)NNCc1ccc(O)c(O)c1O
1006,aprobarbital,1,C(C1(C(NC(=O)NC1=O)=O)C(C)C)C=C
1870,icometasone-enbutate,1,[C@@]4([C@@]3([C@H]([C@H]2[C@]([C@@]1(C(=CC(=O)C=C1)CC2)C)(Cl)[C@H](C3)O)C[C@H]4C)C)(C(COC(C)=O)=O)OC(CCC)=O
295,Minocycline,1,C1[C@@H]2[C@](C(=C3C(c4c(ccc(c4C[C@@H]13)N(C)C)O)=O)O)(C(C(C(N)=O)=C([C@H]2N(C)C)O)=O)O
1755,cintriamide(cintramide),1,C1=C(C(=C(C=C1\C=C\C(N)=O)OC)OC)OC
535,SKF89124,1,C1C(Nc2c1c(ccc2O)CCN(CCC)CCC)=O
1852,flurandrenolide(fludroxycortide),1,[C@@]45([C@@]3([C@H]([C@H]2[C@@H]([C@@]1(C(=CC(=O)CC1)[C@H](C2)F)C)[C@H](C3)O)C[C@H]4OC(O5)(C)C)C)C(CO)=O
431,warfarin,0,CC(=O)CC(c1ccccc1)C2=C(O)Oc3ccccc3C2=O
775,cefmenoxime,0,CO/N=C(C(=O)N[C@H]1[C@H]2SCC(=C(N2C1=O)C(O)=O)CSc3nnnn3C)/c4csc(N)n4
983,alphameprodine/betameprodine,1,[C@]2(C1=CC=CC=C1)([C@H](CN(C)CC2)CC)OC(CC)=O
517,GR94839_A,0,c1(CC(N2[C@H](CN(CC2)C(=O)C)C[N@]2CC[C@H](C2)O)=O)ccc(C(F)(F)F)cc1
1036,benzyl-alcohol,1,C(C1=CC=CC=C1)O
172,Plicamycin,1,CO[C@@H]([C@@H]1Cc2cc3cc(O[C@H]4C[C@@H](O[C@H]5C[C@@H](O)[C@H](O)[C@@H](C)O5)[C@H](O)[C@@H](C)O4)c(C)c(O)c3c(O)c2C(=O)[C@H]1O[C@H]6C[C@@H](O[C@H]7C[C@@H](O[C@H]8C[C@](C)(O)[C@H](O)[C@@H](C)O8)[C@H](O)[C@@H](C)O7)[C@H](O)[C@@H](C)O6)C(=O)[C@@H](O)[C@@H](C)O
249,tybamate,1,CCCCNC(=O)OCC(C)(CCC)COC(N)=O
1496,pregabalin,1,[C@@H](CC(=O)O)(CC(C)C)CN
484,Isoflurane,1,FC(F)OC(Cl)C(F)(F)F
1281,ganaxolone,1,[C@H]13[C@@H]([C@@]2([C@@H](CC1)C[C@](O)(CC2)C)C)CC[C@]4([C@H]3CC[C@@H]4C(=O)C)C
1224,femoxetine,1,C3=C(C2C(COC1=CC=C(OC)C=C1)CN(C)CC2)C=CC=C3
1453,paroxetine,1,[C@@H]3([C@H](COC1=CC=C2C(=C1)OCO2)CNCC3)C4=CC=C(C=C4)F
953,acebrochol,1,[C@]34([C@H]([C@H]2[C@@H]([C@@]1(C([C@@H](C(CC1)OC(C)=O)Br)[C@@H](C2)Br)C)CC3)CC[C@@H]4[C@@H](CCCC(C)C)C)C
928,sulopenem,0,C[C@@H](O)[C@@H]1[C@H]2SC(=C(N2C1=O)C(O)=O)SC3CC[S](=O)C3
726,Efavirenz,0,FC(F)(F)[C@]1(OC(=O)Nc2ccc(Cl)cc12)C#CC3CC3
583,dihydromorphine,1,CN1CCC23C4CCC(O)C2Oc5c(O)ccc(CC14)c35
1000,ampyzine,1,CN(C)c1cnccn1
1764,clofexamide,1,C1=CC(=CC=C1OCC(NCCN(CC)CC)=O)Cl
1521,rasagiline,1,[C@@H]1(C2=C(CC1)C=CC=C2)NCC#C
1821,eprobemide,1,C1=CC(=CC=C1C(NCCCN2CCOCC2)=O)Cl
1875,iproniazid,1,C1=CN=CC=C1C(NNC(C)C)=O
1188,efetozole,1,C1=CC=CC=C1C(C)[N]2C=CN=C2C
1017,azacyclonol,1,C3=C(C(O)(C1=CC=CC=C1)C2CCNCC2)C=CC=C3
700,methotrimeprazine,1,COc1ccc2Sc3ccccc3N(C[C@H](C)CN(C)C)c2c1
329,Nicotinyl alcohol,0,OCc1cccnc1
155,chlorthalidone,0,N[S](=O)(=O)c1cc(ccc1Cl)C2(O)NC(=O)c3ccccc23
1858,guanoxyfen,1,NC(=N)NCCCOc1ccccc1
1811,dinazafone,1,C1=C(C(=CC=C1Cl)N(C(CNCC(C)=C)=O)C)C(C2=CC=CC=C2)=O
826,emetine,0,[Cl].CC[C@H]1CN2CCc3cc(OC)c(OC)cc3[C@@H]2C[C@@H]1C[C@H]4NCCc5cc(OC)c(OC)cc45
637,fluphenazine,1,OCCN1CCN(CCCN2c3ccccc3Sc4ccc(cc24)C(F)(F)F)CC1
1661,viloxazine,1,C1=CC=CC(=C1OCC2CNCCO2)OCC
1435,octamoxin,1,C(C(NN)C)CCCCC
590,2-propanol,1,CC(C)O
873,mezlocillin,0,CC1(C)S[C@@H]2[C@H](NC(=O)[C@H](NC(=O)N3CCN(C3=O)[S](C)(=O)=O)c4ccccc4)C(=O)N2[C@H]1C(O)=O
223,thioridazine,1,CSc1ccc2Sc3ccccc3N(CCC4CCCCN4C)c2c1
1203,etamiphyllin,1,C1=NC2=C([N]1CCN(CC)CC)C(N(C)C(N2C)=O)=O
821,diproleandomycin,0,CCC(=O)O[C@H]1[C@@H](C)[C@@H](C)OC(=O)C(C)[C@@H](O[C@H]2C[C@H](OC)[C@@H](OC(=O)CC)[C@H](C)O2)[C@H](C)[C@@H](O[C@@H]3O[C@H](C)C[C@@H]([C@H]3O)N(C)C)C(C)C[C@@]4(CO4)C(=O)[C@@H]1C
580,desipramine,1,CNCCCN1c2ccccc2CCc3ccccc13
1320,isoflupredone,1,C(C(C1(CCC2C4C(C(CC12C)O)(F)C3(C=CC(C=C3CC4)=O)C)O)=O)O
958,acetaminosalol,1,C2=C(C(OC1=CC=C(C=C1)NC(C)=O)=O)C(=CC=C2)O
253,Clofazimine,0,CC(C)N=C1C=C2N(c3ccc(Cl)cc3)c4ccccc4N=C2C=C1Nc5ccc(Cl)cc5
29,Org12692,1,FC(F)(F)c1c(Cl)nc(N2CCNCC2)cc1
1884,lirequinil,1,[C@H]5(CN(C(C3=C2C1=CC(=CC=C1CCN2C(=O)C(=C3)C4=CC=CC=C4)Cl)=O)CC5)OCC
604,SB204484,1,c1(ccc(c(c1)Cl)Cl)CC(N1[C@H](CN2CCCC2)c2n(CC1)ncn2)=O
1759,clazolam,1,C1=C(Cl)C=CC4=C1C3C2=CC=CC=C2CCN3CC(=O)N4C
1656,valtrate,1,[C@@]13([C@@H]2C(=C[C@@H]1OC(CC(C)C)=O)C(=CO[C@H]2OC(CC(C)C)=O)COC(C)=O)CO3
69,compound 43,1,N1(Cc2cc(OCCCNc3nccs3)ccc2)CCCCC1
1985,quinupramine,1,C1=CC=CC4=C1N(C2C3CCN(C2)CC3)C5=C(CC4)C=CC=C5
409,Aminopyrine,1,CN(C)C1=C(C)N(C)N(c2ccccc2)C1=O
1446,panadiplon,1,C1=NC(=C3[N]1C2=C(C=CC=C2)N(C3=O)C(C)C)C4=NOC(=N4)C5CC5
548,ICI199441,1,c1(ccccc1)[C@H](CN1CCCC1)N(C(=O)Cc1ccc(c(c1)Cl)Cl)C
2017,tiflucarbine,1,C1=C4C(=C2C(=C1F)SC=C2C)C3=C(CCN(C3)CC)[NH]4
1840,flunisolide-acetate,1,[C@]12(OC(O[C@@H]1CC3C2(CC(O)[C@H]4C3C[C@H](F)C5=CC(=O)C=CC45C)C)(C)C)C(=O)COC(=O)C
1676,zotepine,1,C1=C(Cl)C=CC2=C1C(=CC3=C(S2)C=CC=C3)OCCN(C)C
1056,butacetin,1,C1=C(C=CC(=C1)NC(C)=O)OC(C)(C)C
1175,diprenorphine,1,[C@]235[C@@]67[C@H](N(CC1CC1)CC2)CC4=C3C(=C(C=C4)O)O[C@H]5[C@](OC)([C@H](C6)C(C)(C)O)CC7
401,sulfasalazine,0,OC(=O)C1=C\C(C=CC1=O)=N/Nc2ccc(cc2)[S](=O)(=O)Nc3ccccn3
1601,thialbarbital,1,C(C2(C1CCCC=C1)C(NC(=S)NC2=O)=O)C=C
135,cephapirin,0,CC(=O)OCC1=C(N2[C@H](SC1)[C@H](NC(=O)CSc3ccncc3)C2=O)C(O)=O
235,ethinylestradiol,0,C[C@]12CC[C@H]3[C@@H](CCc4cc(O)ccc34)[C@@H]1CC[C@@]2(O)C#C
1174,diphoxazide,1,C2=C(C(C1=CC=CC=C1)(CC(NNC(C)=O)=O)O)C=CC=C2
771,cefetamet,0,CO/N=C(C(=O)N[C@H]1[C@H]2SCC(=C(N2C1=O)C(O)=O)C)/c3csc(N)n3
659,hexapropymate,1,NC(=O)OC1(CCCCC1)CC#C
1118,clotiazepam,1,C1=C(CC)SC2=C1C(=NCC(N2C)=O)C3=CC=CC=C3Cl
333,Oxandrolone,0,C[C@]1(O)CC[C@H]2[C@@H]3CC[C@H]4CC(=O)OC[C@]4(C)[C@H]3CC[C@]12C
419,BRL52580,1,c1(cc(c(cc1)Cl)Cl)CC(N1[C@@H](c2c(CC1)cccc2)CN1CCCC1)=O
142,phenelzine sulfate,1,NNCCc1ccccc1.O[S](O)(=O)=O
552,loperamide,0,CN(C)C(=O)C(CCN1CCC(O)(CC1)c2ccc(Cl)cc2)(c3ccccc3)c4ccccc4
1699,asimadoline,1,[C@H](N(C(C(C1=CC=CC=C1)C2=CC=CC=C2)=O)C)(C3=CC=CC=C3)CN4CC[C@@H](C4)O
930,suncillin,0,[Na+].[Na+].CC1(C)S[C@@H]2[C@H](NC(=O)[C@H](N[S]([O-])(=O)=O)c3ccccc3)C(=O)N2[C@H]1C([O-])=O
1242,flubanilate,1,CCOC(=O)N(CCN(C)C)c1cccc(c1)C(F)(F)F
263,Hydrochlorothiazide,0,N[S](=O)(=O)c1cc2c(NCN[S]2(=O)=O)cc1Cl
868,meropenem,0,O.O.O.C[C@H](O)C1C2[C@@H](C)C(=C(N2C1=O)C(O)=O)S[C@@H]3CN[C@@H](C3)C(=O)N(C)C
864,lymecycline,0,[Cl-].CN(C)[C@H]1[C@@H]2C[C@H]3C(=C(O)c4c(O)ccc(Cl)c4[C@@]3(C)O)C(=O)[C@]2(O)C(=O)\C(=C(N)\O)C1=O.[H+]
1954,pentylenetetrazole(pentetrazol),1,C2C1=NN=N[N]1CCCC2
114,oxymorphone,1,CN1CC[C@]23[C@H]4Oc5c(O)ccc(C[C@@H]1[C@]2(O)CCC4=O)c35
2038,valperinol,1,[C@@H]1(C[C@H]3[C@H]2[C@@]1(O[C@H](O[C@H]2OC)[C@@H]3C)CN4CCCCC4)O
1059,butoctamide,1,C(C(CCCC)CC)NC(CC(C)O)=O
467,cp25,1,CCCCCN1C=CC(=O)C(=C1C)O
1110,clofluperol,1,C1=C(C(=CC=C1C3(CCN(CCCC(C2=CC=C(F)C=C2)=O)CC3)O)Cl)C(F)(F)F
1809,dimesone,1,[C@]23([C@H]([C@H]1[C@]([C@](C(CO)=O)(C)[C@@H](C1)C)(C)C[C@@H]2O)CCC4=CC(=O)C=C[C@]34C)F
1101,clidafidine,1,C1=C(C(=C(C=C1)Cl)NC2=NCCO2)Cl
992,amesergide,1,[C@H]4(CC3C2=C1C(=C[N](C1=CC=C2)C(C)C)CC3N(C4)C)C(NC5CCCCC5)=O
1984,pyrovalerone,1,C2=C(C(C(N1CCCC1)CCC)=O)C=CC(=C2)C
1165,difluanine(difluanazine),1,C4=C(C(C1=CC=C(C=C1)F)CCCN3CCN(CCNC2=CC=CC=C2)CC3)C=CC(=C4)F
136,chlorambucil,0,OC(=O)CCCc1ccc(cc1)N(CCCl)CCCl
353,papaverine,0,COc1ccc(Cc2nccc3cc(OC)c(OC)cc23)cc1OC
1738,cericlamine,1,[H+].C1=C(CC(N(C)C)(CO)C)C=CC(=C1Cl)Cl.[Cl-]
1635,tramadol,1,[C@H]1([C@](O)(CCCC1)C2=CC(=CC=C2)OC)CN(C)C.[H+].[Cl-]
1614,timirdine,1,C2=C(N1C(SCC1)=N)C(=CC(=C2)Cl)N
1696,anisopirol,1,C3=C(N2CCN(CCCC(C1=CC=C(F)C=C1)O)CC2)C(=CC=C3)OC
1982,prothipendyl,1,C1=CC=CC2=C1N(C3=C(S2)C=CC=N3)CCCN(C)C
1855,furfenorex,1,C1=CC=CC=C1CC(N(CC2=CC=CO2)C)C
432,Butanone,1,CCC(C)=O
1131,crotetamide,1,C(C(N(C(\C=C\C)=O)CC)C(N(C)C)=O)C
1770,cloxypendyl,1,C1=C(Cl)C=NC2=C1SC4=C(N2CCCN3CCN(CCO)CC3)C=CC=C4
1314,indomethacin(indometacin),1,C1=CC(=CC2=C1[N](C(=C2CC(O)=O)C)C(C3=CC=C(Cl)C=C3)=O)OC
1563,spiroxepin,1,C1=CC=CC2=C1C4(C3=C(OC2)C=CC=C3)OC(CN(C)C)CO4
339,Org32104,1,c1c2c(ccc1)[C@@]1([C@@H](c3cccc(c3O2)C)CNCC1)O
1458,penthrichloral,1,C(C1(COC(C(Cl)(Cl)Cl)OC1)CO)O
1721,bromamid,1,C1=CC(=CC=C1NCCC(N(C)C)=O)Br
367,Flucytosine,1,NC1=C(F)C=NC(=O)N1
92,SB204457,1,c12c3c(C(NC(C)=O)CCc2cc(c(c1OC)OC)OC)cc(=O)c(cc3)OC
1070,carmantadine,1,O=C(C4N(C12CC3CC(C1)CC(C2)C3)CC4)O
213,Ephedrine,0,CN[C@@H](C)[C@H](O)c1ccccc1
1068,carburazepam,1,C1=C(Cl)C=CC2=C1C(N(CC(=O)N2C)C(N)=O)C3=CC=CC=C3
1897,mephobarbital(methylphenobarbital),1,C2=C(C1(C(N(C(NC1=O)=O)C)=O)CC)C=CC=C2
1684,alimemazine,1,C1=CC=CC3=C1N(C2=C(C=CC=C2)S3)CC(CN(C)C)C
1062,cafedrine,1,C1=NC3=C([N]1CCNC(C(C2=CC=CC=C2)O)C)C(N(C)C(N3C)=O)=O
1756,cinuperone,1,C3=C(N2CCN(CCCC(C1=CC=C(F)C=C1)=O)CC2)N=CC4=CC=CC=C34
1139,cyprenorphine,1,[C@@]135C67[C@@H](N(CC1)CC2CC2)CC4=CC=C(O)C(=C34)O[C@@H]5C(OC)(C(C6)C(O)(C)C)C=C7
1633,tracazolate,1,C1=N[N](C2=C1C(=C(C(=N2)C)C(OCC)=O)NCCCC)CC
1889,loreclezole,1,C1=CC(=CC(=C1\C(=C\[N]2C=NC=N2)Cl)Cl)Cl
449,acetophenazine,1,CC(=O)c1ccc2Sc3ccccc3N(CCCN4CCN(CCO)CC4)c2c1
1678,aceprometazine,1,C1=CC2=C(C=C1)SC3=C(N2CC(C)N(C)C)C=C(C=C3)C(=O)C
1865,hydrocortisone-acetate,1,[C@]34([C@H]([C@H]2[C@@H]([C@@]1(C(=CC(=O)CC1)CC2)C)[C@H](C3)O)CC[C@@]4(C(COC(C)=O)=O)O)C
1826,etizolam,1,C1=C(SC2=C1C(=NCC3=NN=C([N]23)C)C4=CC=CC=C4Cl)CC
156,clofibrate,0,CCOC(=O)C(C)(C)Oc1ccc(Cl)cc1
1923,mofegiline,1,C1=C(CC\C(CN)=C/F)C=CC(=C1)F
1370,methylprednisolone21hemisuccinate(methylprednisolone-hemisuccinate),1,[C@@]4([C@@]3([C@H]([C@H]2[C@@H]([C@@]1(C(=CC(=O)C=C1)[C@H](C2)C)C)[C@H](C3)O)CC4)C)(C(COC(C)=O)=O)OC(CC)=O
1715,betamethasone-valerate,1,[C@@]4([C@@]3([C@H]([C@H]2[C@]([C@@]1(C(=CC(=O)C=C1)CC2)C)(F)[C@H](C3)O)C[C@@H]4C)C)(C(COC(CC)=O)=O)OC(CC)=O
450,acetozalamide,1,CC(=O)Nc1sc(nn1)[S](N)(=O)=O
943,trospectomycin,0,CCCC[C@@H]1CC(=O)[C@]2(O)O[C@@H]3[C@@H](NC)[C@@H](O)[C@@H](NC)[C@H](O)[C@H]3O[C@@H]2O1
1181,doxapram,1,C1=CC=CC=C1C2(C(CN(C2=O)CC)CCN3CCOCC3)C4=CC=CC=C4
1556,sifaprazine,1,C1=CC=CC(=C1N2CCN(C)CC2)CC3=CC=CC=C3
861,lincomycin,0,CCCC1CC(N(C)C1)C(=O)NC(C(C)O)C2OC(SC)C(O)C(O)C2O
686,9-C15,1,c1c2CCOc2c(cc1OC)CN[C@@H]1CCCN[C@H]1c1ccccc1
695,mesoridazine,1,CN1CCCCC1CCN2c3ccccc3Sc4ccc(cc24)[S](C)=O
1219,fantridone,1,C1=CC=CC2=C1C3=C(C(=O)N2CCCN(C)C)C=CC=C3
2034,tuclazepam,1,C1=C2C(=CC=C1)N(C(Cl)(CN=C2C3=CC=CC=C3Cl)CO)C
844,gloximonam,0,CO/N=C(C(=O)N[C@H]1[C@H](C)N(OCC(=O)OCC(=O)OC(C)(C)C)C1=O)/c2csc(N)n2
299,Pyridostigminebromide,1,[Br-].CN(C)C(=O)Oc1ccc[n+](C)c1
658,heroin,1,CN1CC[C@]23[C@H]4Oc5c(OC(C)=O)ccc(C[C@@H]1[C@@H]2C=C[C@@H]4OC(C)=O)c35
600,Sankyo,1,c1(ccc(c(c1)Cl)Cl)CC(=O)N1[C@H](C[N@@](C)CC1)CN1CCCC1
1244,flucloronide(fluclorolone-acetonide),1,[C@@]23(Cl)C1(C(=CC(=O)C=C1)[C@@H](F)CC2C5C(CC3Cl)([C@]4(C(=O)CO)OC(O[C@@H]4C5)(C)C)C)C
960,acetiamine,1,C1=NC(=NC(=C1CN(C(=C(\CCOC(C)=O)SC(C)=O)/C)C=O)N)C
780,ceforanide,0,NCc1ccccc1CC(=O)N[C@H]2[C@H]3SCC(=C(N3C2=O)C(O)=O)CSc4nnnn4CC(O)=O
1607,tiagabine,1,[C@@H]3(CN(CCC=C(C1=C(C=CS1)C)C2=C(C=CS2)C)CCC3)C(O)=O
817,dicloxacillin,0,Cc1onc(c1C(=O)N[C@H]2[C@H]3SC(C)(C)[C@@H](N3C2=O)C(O)=O)c4c(Cl)cccc4Cl
311,Icotidine,0,[Cl-].[Cl-].[Cl-].COc1cccnc1CCCCNC2=NC=C(Cc3ccc(C)nc3)C(=O)N2.[H+].[H+].[H+]
1997,rufinamide,1,C1=C(C(N)=O)N=N[N]1CC2=C(C=CC=C2F)F
1001,amylene-hydrate,1,C(C(C)(C)O)C
180,coumarin,0,O=C1Oc2ccccc2C=C1
1389,modafinil,1,C2=C(C(C1=CC=CC=C1)[S](CC(N)=O)=O)C=CC=C2
1587,tandospirone,1,[C@H]13[C@H]([C@H]2C[C@@H]1CC2)C(=O)N(C3=O)CCCCN4CCN(CC4)C5=NC=CC=N5.C(C(O)(C(=O)O)CC(=O)O)C(=O)O
707,Dacarbazine,1,CN(C)N\N=C/1N=CN=C1C(N)=O
105,aminophylline,0,CN1C(=O)N(C)c2nc[nH]c2C1=O.CN3C(=O)N(C)c4nc[nH]c4C3=O.NCCN
1634,tralonide,1,[C@]12(OC(O[C@@H]1CC3C2(C[C@H](Cl)[C@@]4(Cl)C3C[C@H](F)C5=CC(=O)C=CC45C)C)(C)C)C(=O)CF
278,Metaraminol,0,C[C@H](N)[C@H](O)c1cccc(O)c1
32,Levofloxacin,1,C[C@H]1COc2c(N3CCN(C)CC3)c(F)cc4C(=O)C(=CN1c24)C(O)=O
729,aclarubicin,0,CC[C@@]1(O)C[C@H](OC2CC(C(OC3CC(O)C(OC4CCC(=O)C(C)O4)C(C)O3)C(C)O2)N(C)C)c5c(O)c6C(=O)c7c(O)cccc7C(=O)c6cc5[C@H]1C(=O)OC
854,isepamicin,0,CNC1C(O)C(OCC1(C)O)OC2C(O)C(OC3OC(CN)C(O)C(O)C3O)C(N)CC2NC(=O)C(O)CN
1201,erizepine,1,C1=CC=CC3=C1C4=C(C2=C(C=CC=C2)N3C)CCN(CC4)C
395,Thioperamide,1,S=C(NC1CCCCC1)N2CCC(CC2)c3[nH]cnc3
1952,penciclovir,1,C1=NC2=C([N]1CCC(CO)CO)NC(=NC2=O)N
101,acetaminophen,1,CC(=O)Nc1ccc(O)cc1
950,gacyclidine,1,[C@@]3(C1=CC=CS1)(N2CCCCC2)[C@H](CCCC3)C
1655,valproatepivoxil,1,C(C(C(OCOC(C(C)(C)C)=O)=O)CCC)CC
1294,homopipramol,1,C3=C2N(C1=CC=CC=C1C=CC2=CC=C3)CCCN4C=CN(CC=C4)CCO
147,Omeprazole,0,COc1ccc2nc([nH]c2c1)[S](=O)Cc3ncc(C)c(OC)c3C
607,doxylamine succinate,1,CN(C)CCOC(C)(c1ccccc1)c2ccccn2.OC(=O)CCC(O)=O
236,fenoterol,0,CC(Cc1ccc(O)cc1)NCC(O)c2cc(O)cc(O)c2
1686,alphaprodine(betaprodine),1,C2=C(C1(C(CN(C)CC1)C)OC(CC)=O)C=CC=C2
2,Terbutylchlorambucil,1,C(=O)(OC(C)(C)C)CCCc1ccc(cc1)N(CCCl)CCCl
1298,hydrocortisone-aceponate,1,[C@@]4([C@@]3([C@H]([C@H]2[C@@H]([C@@]1(C(=CC(=O)CC1)CC2)C)[C@H](C3)O)CC4)C)(C(COC(C)=O)=O)OC(CC)=O
1773,cyamemazine,1,C1=C(C#N)C=CC3=C1N(C2=C(C=CC=C2)S3)CC(CN(C)C)C
542,Triazolam,1,Cc1nnc2CN=C(c3ccccc3Cl)c4cc(Cl)ccc4n12
1663,vitamine(alpha-tocopherol),1,[C@]2(OC1=C(C(=C(C(=C1CC2)C)O)C)C)(CCC[C@@H](CCC[C@@H](CCCC(C)C)C)C)C
681,lorcainide,1,CC(C)N1CCC(CC1)N(C(=O)Cc2ccccc2)c3ccc(Cl)cc3
1730,butamoxane,1,C1=CC=CC2=C1OC(CNCCCC)CO2
865,mecillinam,0,CC1(C)S[C@@H]2[C@H](N=CN3CCCCCC3)C(=O)N2[C@H]1C(O)=O
1414,nicomorphine,1,[C@@]127C3=C4C[C@H]([C@@H]1C=C[C@@H]([C@@H]2OC3=C(C=C4)OC(C5=CN=CC=C5)=O)OC(C6=CN=CC=C6)=O)N(C)CC7
783,cefoxazole,0,CC(=O)OCC1=C(N2[C@H](SC1)[C@H](NC(=O)c3c(C)onc3c4ccccc4Cl)C2=O)C(O)=O
897,pirarubicin,0,COc1cccc2C(=O)c3c(O)c4C[C@](O)(C[C@H](O[C@H]5C[C@H](N)[C@H](O[C@H]6CCCCO6)[C@H](C)O5)c4c(O)c3C(=O)c12)C(=O)CO
345,Tamoxifen,1,CC/C(c1ccccc1)=C(c2ccccc2)/c3ccc(OCCN(C)C)cc3
908,quinacillin,0,CC1(C)S[C@@H]2[C@H](NC(=O)c3nc4ccccc4nc3C(O)=O)C(=O)N2[C@H]1C(O)=O
1239,florfenicol,1,[C@@H](C1=CC=C(C=C1)[S](C)(=O)=O)([C@H](NC(C(Cl)Cl)=O)CF)O
855,isopropicillin,0,CC1(C)S[C@@H]2[C@H](NC(=O)C(C)(C)Oc3ccccc3)C(=O)N2[C@H]1C(O)=O
713,midazolam maleate,1,Cc1ncc2CN=C(c3ccccc3F)c4cc(Cl)ccc4n12.OC(=O)\C=C/C(O)=O
1639,triamcinolone-furetonide,1,[C@@]45([C@@]3([C@H]([C@H]2[C@]([C@@]1(C(=CC(=O)C=C1)CC2)C)(F)[C@H](C3)O)C[C@H]4OC(O5)(C)C)C)C(COC(C6=CC7=C(O6)C=CC=C7)=O)=O
37,11a,0,CN(C)c1cc(C2=NC(N)=NN2)ccn1
1278,furomazine,1,C1=C(Cl)C=CC3=C1N(C2=C(C=CC=C2)S3)CCCN5CCC(C4C(OCC4)=O)(O)CC5
688,9-C7,1,c1(c(cc2n(ncc2c1)CCN)Cl)Cl
2047,zometapine,1,C3=C(C1=NCCN=C2N(NC(=C12)C)C)C=CC=C3Cl
291,Didanosine,0,OC[C@@H]1CC[C@@H](O1)n2cnc3C(=O)N=CNc23
1034,benzaprinoxide,1,C1=CC=C(Cl)C3=C1\C(C2=CC=CC=C2C=C3)=C/CC[N+]([O-])(C)C
168,procaine,1,CCN(CC)CCOC(=O)c1ccc(N)cc1
555,clopenthixol,1,OCCN1CCN(CC\C=C/2c3ccccc3Sc4ccc(Cl)cc24)CC1
1772,cropropamide,1,C(C(N(C(\C=C\C)=O)CCC)C(N(C)C)=O)C
871,methoxyphedrine,0,CNC(C)C(=O)c1ccc(OC)cc1
60,15,1,O=N([O-])C1=C(CN=C1NCCSCc2ncccc2)Cc3ccccc3
1035,benzindopyrine,1,[Cl].C1=CC=CC2=C1[N](C=C2CCC3=CC=NC=C3)CC4=CC=CC=C4
762,cefazaflur,0,[Na+].Cn1nnnc1SCC2=C(N3[C@H](SC2)[C@H](NC(=O)CSC(F)(F)F)C3=O)C([O-])=O
473,apomorphine,1,CN1CCc2cccc3c2[C@H]1Cc4ccc(O)c(O)c34
1077,celucloral,1,OC1OC(COCCOC(O)C(Cl)(Cl)Cl)C(OC2OC(COCCOCCOC(O)C(Cl)(Cl)Cl)CC(OC(O)C(Cl)(Cl)Cl)C2O)C(OCCOCCOC(O)C(Cl)(Cl)Cl)C1O
314,Mianserin,1,CN1CCN2C(C1)c3ccccc3Cc4ccccc24
1197,endomide,1,[C@@H]1([C@@H]([C@H]2C=C[C@@H]1C2)C(N(CC)CC)=O)C(N(CC)CC)=O
1576,suritozole,1,C1=C(C=CC=C1C2=NN(C)C(N2C)=S)F
166,pregnanolone,1,CC(=O)[C@H]1CC[C@H]2[C@@H]3CC[C@@H]4C[C@H](O)CC[C@]4(C)[C@H]3CC[C@]12C
1932,nerisopam,1,C2=C1C(=NN=C(CC1=CC(=C2OC)OC)C)C3=CC=C(N)C=C3
472,antipyrine,1,CN1N(C(=O)C=C1C)c2ccccc2
1922,modaline,1,C1=CN=C(C(=N1)N2CCCCC2)C
777,cefminox,0,CO[C@]1(NC(=O)CSC[C@@H](N)C(O)=O)[C@H]2SCC(=C(N2C1=O)C(O)=O)CSc3nnnn3C
920,roxithromycin,0,CC[C@H]1OC(=O)[C@H](C)[C@@H](O[C@H]2C[C@@](C)(OC)[C@@H](O)[C@H](C)O2)[C@H](C)[C@@H](O[C@@H]3O[C@H](C)C[C@@H]([C@H]3O)N(C)C)[C@](C)(O)C[C@@H](C)\C(=N\OCOCCOC)[C@H](C)[C@@H](O)[C@]1(C)O
1979,promethazine,1,C1=CC=CC2=C1N(C3=C(S2)C=CC=C3)CC(C)N(C)C
416,Tifluadom,1,CN1C(CNC(=O)c2cscc2)CN=C(c3ccccc3F)c4ccccc14
1793,dexclamol,1,[C@H]15C3=C(CCC2=C1C=CC=C2)C=CC=C3[C@H]4C[C@](C(C)C)(O)CCN4C5
104,Alprostadil,0,CCCCC[C@H](O)/C=C/[C@H]1[C@H](O)CC(=O)[C@@H]1CCCCCCC(O)=O
1226,fenbutrazate,1,C3=C(C1C(N(CCO1)CCOC(C(C2=CC=CC=C2)CC)=O)C)C=CC=C3
901,pivampicillin,0,CC(C)(C)C(=O)OCOC(=O)[C@@H]1N2[C@H](SC1(C)C)[C@H](NC(=O)[C@H](N)c3ccccc3)C2=O
1439,oxcarbazepine,1,C1=CC=CC3=C1N(C2=C(C=CC=C2)CC3=O)C(N)=O
699,methopromazine,1,COc1ccc2Sc3ccccc3N(CCCN(C)C)c2c1
1881,levodopa,1,[C@H](CC1=CC(=C(C=C1)O)O)(C(O)=O)N
1255,fluoxetine,1,C2=C(C(OC1=CC=C(C=C1)C(F)(F)F)CCNC)C=CC=C2
845,gramicidin-s-2,0,CC(C)CC1C(=O)NC(C(=O)N2CCCC2C(=O)NC(C(=O)NC(C(=O)NC(C(=O)NC(C(=O)N3CCCC3C(=O)NC(C(=O)NC(C(=O)N1)CCCN)C(C)C)CC4=CC=CC=C4)CC(C)C)CCCN)C(C)C)CC5=CC=CC=C5
1757,citalopram,1,C1=CC(=CC3=C1C(C2=CC=C(F)C=C2)(OC3)CCCN(C)C)C#N
430,verapamil,0,COc1ccc(CCN(C)CCCC(C#N)(C(C)C)c2ccc(OC)c(OC)c2)cc1OC
1618,tioperidone,1,C4=C(N3CCN(CCCCN2C(C1=C(C=CC=C1)NC2=O)=O)CC3)C(=CC=C4)SCCC
1106,clocortolone-acetate,1,[C@H]2(C1=CC(C=C[C@@]1(C4([C@@H](C2)[C@@H]3C[C@H]([C@H](C(COC(=O)C)=O)[C@@]3(C)C[C@@H]4O)C)Cl)C)=O)F
36,etomidate,1,CCOC(=O)c1cncn1C(C)c2ccccc2
1235,fenpentadiol,1,C1=CC(=CC=C1C(CC(C)(C)O)(C)O)Cl
393,ICI17148,1,Cc1nc(sc1)\[NH]=C(\N)N
496,GR89696,1,c1(ccc(c(c1)Cl)Cl)CC(N1[C@H](CN(CC1)C(=O)OC)CN1CCCC1)=O
1945,oxypertine,1,C1=C(OC)C(=CC2=C1C(=C(C)[NH]2)CCN4CCN(C3=CC=CC=C3)CC4)OC
1890,losindole,1,[C@@H]1([C@H]3[C@@H](CC2=C1C=C(Cl)C=C2)CN(C3)C)C4=CC=CC=C4
1441,oxiracetam,1,C(N1CC(O)CC1=O)C(N)=O
72,carbamazepine-10,1,C1=CC=C2C(=C1)C3C(O3)C4=CC=CC=C4N2C(=O)N
500,bupropion,1,CC(NC(C)(C)C)C(=O)c1cccc(Cl)c1
248,trimipramine,1,CC(CN(C)C)CN1c2ccccc2CCc3ccccc13
1662,vinyl-ether,1,C(=C)OC=C
1604,thiopropazate,1,C1=C(Cl)C=CC3=C1N(C2=C(C=CC=C2)S3)CCCN4CCN(CCOC(C)=O)CC4
447,zidovudine,0,CC1=CN([C@H]2C[C@H](N=[N+]=[N-])[C@@H](CO)O2)C(=O)NC1=O
1778,daledalin,1,C1=CC=CC3=C1N(C2=CC=CC=C2)CC3(CCCNC)C
1337,loprazolam,1,C1=CC(=CC4=C1N2C(=NC(/C2=O)=C\N3CCN(C)CC3)CN=C4C5=C(C=CC=C5)Cl)[N+](=O)[O-]
1762,clobetasol,1,[C@@]23(F)C(C1C([C@](O)(C(C1)C)C(=O)CCl)(CC2O)C)CCC4=CC(=O)C=CC34C
1743,chlorphenesin-carbamate,1,C1=CC(=CC=C1OCC(COC(N)=O)O)Cl
475,azaperone,1,Fc1ccc(cc1)C(=O)CCCN2CCN(CC2)c3ccccn3
938,tigemonam,0,CC1(C)[C@H](NC(=O)C(=N\OCC(O)=O)/c2csc(N)n2)C(=O)N1O[S](O)(=O)=O
1178,domoprednate,1,[C@]4([C@@]3([C@H]([C@H]2[C@@H]([C@@]1(C(=CC(=O)C=C1)CC2)C)[C@H](C3)O)CCC4)C)(OC(CCC)=O)C(C)=O
1050,bromisoval,1,CC(C(C(NC(N)=O)=O)Br)C
238,Flucloxacillin,0,Cc1onc(c1C(=O)N[C@H]2[C@H]3SC(C)(C)[C@@H](N3C2=O)C(O)=O)c4c(F)cccc4Cl
1623,tixocortol,1,[C@H]34[C@H]2[C@@H]([C@@]1(C(=CC(=O)CC1)CC2)C)[C@@H](O)C[C@@]3([C@](C(CS)=O)(O)CC4)C
1746,cianopramine,1,C1=C(C#N)C=CC3=C1N(C2=C(C=CC=C2)CC3)CCCN(C)C
1603,thiazesim(tiazesim),1,C1=CC=CC2=C1N(C(CC(S2)C3=CC=CC=C3)=O)CCN(C)C
272,Alprazolam,1,Cc1nnc2CN=C(c3ccccc3)c4cc(Cl)ccc4n12
363,Phenserine,1,CN1CC[C@]2(C)[C@H]1N(C)c3ccc(OC(=O)Nc4ccccc4)cc23
171,Pindolol,1,CC(C)NCC(O)COc1cccc2[nH]ccc12
65,SB-222200,1,CCC(NC(=O)c1c(c(nc2c1cccc2)c1ccccc1)C)c1ccccc1
440,BRL53087,1,c1(ccc(c(c1)Cl)Cl)CC(N1[C@@H](CN2CCCC2)CC(CC1)(C)C)=O
1924,molindone,1,C(C1=C(C)[NH]C3=C1C(C(CN2CCOCC2)CC3)=O)C
1304,ibrotamide,1,C(C(C(C)C)(C(N)=O)Br)C
1011,atromepine,1,C1=CC=CC=C1C(C(OC2CC3N(C)C(C2)CC3)=O)(CO)C
2036,valdetamide,1,C(C(C(N)=O)(CC)CC)C=C
716,MPTP,1,CN1CCC(=CC1)c2ccccc2
126,Nelfinavir,0,Cc1c(O)cccc1C(=O)N[C@@H](CSc2ccccc2)[C@H](O)CN3C[C@H]4CCCC[C@H]4C[C@H]3C(=O)NC(C)(C)C
316,Ritonavir,0,CC(C)[C@H](NC(=O)N(C)Cc1csc(n1)C(C)C)C(=O)N[C@H](C[C@H](O)[C@H](Cc2ccccc2)NC(=O)OCc3scnc3)Cc4ccccc4
1128,cotinine,1,C1=CC=NC=C1C2N(C(=O)CC2)C
1575,suriclone,1,C4=C(N2C(C1=C(SCCS1)C2=O)OC(N3CCN(C)CC3)=O)N=C5C(=C4)C=CC(=N5)Cl
251,valproicacid,1,CCCC(CCC)C(O)=O
1500,procymate,1,C(C(C1CCCCC1)OC(N)=O)C
1064,camphor,1,CC12C(C(CC1=O)CC2)(C)C
323,Sulfadiazine,1,Nc1ccc(cc1)[S](=O)(=O)Nc2ncccn2
94,clomethiazole,1,Cc1ncsc1CCCl
1658,venlafaxine,1,C1=CC(=CC=C1C(C2(CCCCC2)O)CN(C)C)OC
1157,deximafen(imafen),1,C3=C(C1N2C(=NC1)NCC2)C=CC=C3
82,Bretyliumtosilate,1,c12c(nc([nH]1)NC(OC)=O)cc(SCCC)cc2
241,ganciclovir,0,NC1=NC(=O)c2ncn(COC(CO)CO)c2N1
1041,binospirone,1,O=C2CC1(CCCC1)CC(=O)N2CCNCC4COc3ccccc3O4
1232,fenmetramide,1,C1=CC=CC=C1C2C(NC(=O)CO2)C
2053,azidamfenicol,1,[N+](=NCC(=O)N[C@@H]([C@H](O)C1=CC=C([N+]([O-])=O)C=C1)CO)=[N-]
746,bekanamycin,0,NCC1OC(OC2C(N)CC(N)C(OC3OC(CO)C(O)C(N)C3O)C2O)C(N)C(O)C1O
2030,trifluomeprazine,1,C1=CC=C2C(=C1)SC3=C(N2CC(C)CN(C)C)C=C(C=C3)C(F)(F)F
1830,fenadiazole,1,O=C2\C(=C1\OC=NN1)C=CC=C2
1640,tribromoethanol,1,BrCC(O)(Br)Br
372,Teniposide,1,COc1cc(cc(OC)c1O)[C@H]2[C@@H]3[C@H](COC3=O)[C@H](OC4OC5COC(OC5C(O)C4O)c6sccc6)c7cc8OCOc8cc27
1763,clobetasol-propionate,1,[C@]4([C@@]3([C@H]([C@H]2[C@]([C@@]1(C(=CC(=O)C=C1)CC2)C)(F)[C@H](C3)O)C[C@@H]4C)C)(OC(CC)=O)C(CCl)=O
1863,homochlorcyclizine,1,C1=CC(=CC=C1C(N2CCN(C)CCC2)C3=CC=CC=C3)Cl
691,Aciclovir,1,NC1=NC(=O)c2ncn(COCCO)c2N1
703,methyprylon,1,CCC1(CC)C(=O)NCC(C)C1=O
1695,amoxapine,1,C1=C(Cl)C=CC2=C1C(=NC3=C(O2)C=CC=C3)N4CCNCC4
2020,tolboxane,1,C1=CC(=CC=C1B2OCC(CCC)(C)CO2)C
839,fropenem,0,C[C@@H](O)[C@@H]1[C@H]2SC(=C(N2C1=O)C(O)=O)[C@H]3CCCO3
488,Nor-1-chlorpromazine,1,N1(c2c(Sc3c1cccc3)ccc(c2)Cl)CCCNC
1602,thiamylal,1,C(C1(C(NC(=S)NC1=O)=O)C(CCC)C)C=C
1418,nimetazepam,1,C1=C([N+]([O-])=O)C=CC2=C1C(=NCC(=O)N2C)C3=CC=CC=C3
1300,hydrocortisone-hemisuccinate,1,[C@@]4(OC(=O)CCCC)(C3(C(C2C(C1(C(=CC(=O)CC1)CC2)C)C(O)C3)CC4)C)C(=O)CO
1612,timelotem,1,C1=C(F)C=CC2=C1N4C(CN=C2C3=CC=CS3)CN(C)CC4
669,26,1,C1CN(CCC1)Cc1cccc(c1)OCCCO
376,prednisolone,0,C[C@]12C[C@H](O)[C@H]3[C@@H](CCC4=CC(=O)C=C[C@]34C)[C@@H]1CC[C@]2(O)C(=O)CO
1462,perphenazine,1,C1=C(Cl)C=CC3=C1N(C2=C(C=CC=C2)S3)CCCN4CCN(CCO)CC4
1152,desonide,1,[C@]12(OC(O[C@@H]1C[C@@H]3C2(CC(O)[C@H]4C3CCC5=CC(=O)C=CC45C)C)(C)C)C(=O)CO
895,phenethicillin,0,CC(Oc1ccccc1)C(=O)NC2C3SC(C)(C)C(N3C2=O)C(O)=O
900,piroxicillin,0,CC1(C)S[C@@H]2[C@H](NC(=O)[C@H](NC(=O)NC3=CN=C(NC3=O)Nc4ccc(cc4)[S](N)(=O)=O)c5ccc(O)cc5)C(=O)N2[C@H]1C(O)=O
326,Miconazole,0,Clc1ccc(COC(Cn2ccnc2)c3ccc(Cl)cc3Cl)c(Cl)c1
614,ethchlorvynol,1,CCC(O)(\C=C\Cl)C#C
816,dibekacin,0,NCC1CCC(N)C(O1)OC2C(N)CC(N)C(OC3OC(CO)C(O)C(N)C3O)C2O
961,acetorphan/racecadotril/ecadotril,1,C2=C(CC(C(NCC(OCC1=CC=CC=C1)=O)=O)CSC(C)=O)C=CC=C2
991,ameltolide,1,C1=C(C(=C(C=C1)C)NC(C2=CC=C(N)C=C2)=O)C
1172,dimiracetam,1,O=C2N1C(NC(=O)C1)CC2
1681,alclometasone,1,[C@H]24[C@H]1[C@@]([C@](O)([C@@H](C1)C)C(=O)CO)(C[C@H](O)[C@@H]2[C@@]3(C(=CC(=O)C=C3)C[C@H]4Cl)C)C
1868,hydromorphone,1,[C@@]125C3=C4C[C@H]([C@@H]1CCC([C@@H]2OC3=C(C=C4)O)=O)N(C)CC5
1099,citatepine,1,C1=C(C#N)C=CC3=C1C4=C(C2=C(C=CC=C2)S3)CCN(CC4)C
796,ceftizoxime,0,CO/N=C(C(=O)N[C@H]1[C@H]2SCC=C(N2C1=O)C(O)=O)/c3csc(N)n3
458,Flumazenil,1,CCOC(=O)c1ncn2c1CN(C)C(=O)c3cc(F)ccc23
98,cefoxitin,1,CO[C@]1(NC(=O)Cc2sccc2)[C@H]3SCC(=C(N3C1=O)C(O)=O)COC(N)=O
1312,indatraline,1,[C@@H]2(C1=CC=CC=C1[C@H](NC)C2)C3=CC=C(Cl)C(=C3)Cl.[H+].[Cl-]
862,loracarbef,0,O.N[C@@H](C(=O)NC1C2CCC(=C(N2C1=O)C(O)=O)Cl)c3ccccc3
586,dixyrazine,1,CC(CN1CCN(CCOCCO)CC1)CN2c3ccccc3Sc4ccccc24
523,carphenazine,1,CCC(=O)c1ccc2Sc3ccccc3N(CCCN4CCN(CCO)CC4)c2c1
1869,hydroxypethidine,1,C2=C(C1(C(OCC)=O)CCN(C)CC1)C=CC=C2O
130,Betamethasone,0,C[C@H]1C[C@H]2[C@@H]3CCC4=CC(=O)C=C[C@]4(C)[C@@]3(F)[C@@H](O)C[C@]2(C)[C@@]1(O)C(=O)CO
165,prazepam,1,Clc1ccc2N(CC3CC3)C(=O)CN=C(c4ccccc4)c2c1
1698,arfendazam,1,C1=C(Cl)C=CC3=C1N(C2=CC=CC=C2)C(CCN3C(OCC)=O)=O
1499,procarbazine,1,C1=CC(=CC=C1C(NC(C)C)=O)CNNC
781,cefotetan,0,CO[C@]1(NC(=O)C2S\C(S2)=C(\C(N)=O)C(O)=O)[C@H]3SCC(=C(N3C1=O)C(O)=O)CSc4nnnn4C
1213,etisulergine,1,[C@@H]34C1=CC=CC2=C1C(=C[NH]2)C[C@H]3N(C[C@H](C4)N[S](N(CC)CC)(=O)=O)C
890,paclitaxel,0,CC(=O)O[C@H]1C(=O)[C@]2(C)[C@@H](O)C[C@H]3OC[C@@]3(OC(C)=O)C2[C@H](OC(=O)c4ccccc4)[C@]5(O)C[C@H](OC(=O)[C@H](O)[C@@H](NC(=O)c6ccccc6)c7ccccc7)C(=C1C5(C)C)C
1692,aminoglutethimide,1,C1=CC(=CC=C1C2(C(NC(=O)CC2)=O)CC)N
571,loratadine,0,CCOC(=O)N1CCC(CC1)=C2c3ccc(Cl)cc3CCc4cccnc24
1880,ketorfanol,1,[C@]235[C@H]([C@H](N(CC1CC1)CC2)CC4=C3C(=CC=C4)O)CCC(C5)=O
525,centazolone,1,NN1C=Nc2cc3ccccc3cc2C1=O
531,choline,1,C[N+](C)(C)CCO
2002,spiclamine,1,[C@@H]3(C1=CC=C(Cl)C=C1)[C@H]2CC[C@@H](C2)C34CCC(=N4)N5CCOCC5
438,Enflurane,1,FC(F)OC(F)(F)C(F)Cl
805,cetocycline,0,CC(=O)C1=C(O)[C@]2(O)[C@@H](Cc3c(C)c4ccc(C)c(O)c4c(O)c3C2=O)[C@@H](N)C1=O
1673,zoloperone,1,C4=C(C3=C(CCN2CCN(C1=C(C=CC=C1)OC)CC2)OC(N3)=O)C=CC(=C4)F
396,rifampin,0,CC1C=CC=C(C(=O)NC2=C(C3=C(C(=C4C(=C3C(=O)C2=CNN5CCN(CC5)C)C(=O)C(O4)(OC=CC(C(C(C(C(C(C1O)C)O)C)OC(=O)C)C)OC)C)C)O)O)C
859,leurubicin,0,COc1cccc2C(=O)c3c(O)c4C[C@](O)(C[C@H](O[C@H]5C[C@H](NC(=O)[C@@H](N)CC(C)C)[C@H](O)[C@H](C)O5)c4c(O)c3C(=O)c12)C(=O)CO
849,hydroxyamphetamine,0,CC(Cc1ccccc1)NO
723,Dextromethorphan,1,COc1ccc2C[C@H]3[C@H]4CCCC[C@@]4(CCN3C)c2c1
260,guanethidinesulfate,0,NC(N)=NCCN1CCCCCCC1
1237,fipexide,1,C1=C4C(=CC(=C1)CN3CCN(C(COC2=CC=C(Cl)C=C2)=O)CC3)OCO4
1105,clocortolone,1,[C@@]24(Cl)C1(C(=CC(=O)C=C1)[C@@H](F)CC2C3C(C([C@@H](C3)C)C(=O)CO)(CC4O)C)C
825,efrotomycin,0,CCC(C(=O)NC\C=C\C=C(/C)C(OC)C(C)C1OC(\C=C\C=C\C=C(/C)C(=O)C2=C(O)N(C)C=CC2=O)C(O)C1O)C3(O)OC(\C=C\C=C\C)C(C)(C)C(OC4OC(C)C(OC5OC(C)C(OC)C(O)C5OC)C(OC)C4O)C3O
490,doxylamine,1,CN(C)CCOC(C)(c1ccccc1)c2ccccn2
828,eqvalan,0,CCC(C)[C@H]1O[C@]2(CC[C@@H]1C)CC3C[C@@H](C\C=C(C)\[C@@H](O[C@H]4C[C@H](OC)[C@@H](OC5C[C@H](OC)[C@@H](O)[C@H](C)O5)[C@H](C)O4)[C@@H](C)/C=C/C=C/6CO[C@@H]7[C@H](O)C(=C[C@@H](C(=O)O3)[C@]67O)C)O2.CO[C@H]8CC(O[C@@H](C)[C@@H]8O)O[C@H]9[C@H](C)O[C@H](C[C@@H]9OC)O[C@H]/%10[C@@H](C)/C=C/C=C/%11CO[C@@H]%12[C@H](O)C(=C[C@@H](C(=O)OC%13C[C@@H](C\C=C%10C)O[C@@]%14(CC[C@H](C)[C@H](O%14)C(C)C)C%13)[C@]%11%12O)C
1657,velnacrine,1,C1=CC=CC2=C1C(=C3C(=N2)CCCC3O)N
969,alaproclate,1,C1=CC(=CC=C1CC(OC(C(C)N)=O)(C)C)Cl
1009,aspirin,1,C1=CC=CC(=C1C(O)=O)OC(C)=O
760,cefaparole,0,Cc1sc(SCC2=C(N3[C@H](SC2)[C@H](NC(=O)C(N)c4ccc(O)cc4)C3=O)C(O)=O)nn1
655,tenoxicam,0,CN1C(=C(\O)Nc2ccccn2)/C(=O)c3sccc3[S]1(=O)=O
1596,tetrabarbital,1,C(C1(C(CCC)CC)C(NC(=O)NC1=O)=O)C
1816,doxibetasol,1,[C@H]34[C@H]2[C@@](F)([C@@]1(C(=CC(=O)C=C1)CC2)C)[C@@H](O)C[C@@]3([C@](O)([C@H](C4)C)C(=O)C)C
1048,bremazocine,1,[C@@]23(C([C@H](N(CC1(CC1)O)CC2)CC4=C3C=C(C=C4)O)(C)C)CC
414,Mefloquine,1,OC(C1CCCCN1)c2cc(nc3c2cccc3C(F)(F)F)C(F)(F)F
1822,eptazocine,1,C1=C(O)C=CC3=C1C2(CC(CN(CC2)C)C3)C
660,homophenazine,1,[H+].[H+].[Cl-].[Cl-].OCCN1CCCN(CCCN2c3ccccc3Sc4cc(ccc24)C(F)(F)F)CC1
1951,paraxazone,1,C1=CC=CC2=C1N(C(CO2)=O)CC(N)=O
1346,lufuradom,1,C1=CC(=CC2=C1C(=NCC(N2C)CNC(C3=COC=C3)=O)C4=CC=CC=C4)F
1262,fluticasone,1,CC4CC3C2CC(F)C1=CC(=O)C=CC1(C)C2(F)C(O)CC3(C)C4(O)C(=O)SCF
1177,dizocilpine(MK-801),1,C1=CC=CC2=C1C3(C4=C(CC2N3)C=CC=C4)C
735,amdinocillinpivoxil,0,CC(C)(C)C(=O)OCOC(=O)C1N2[C@H](SC1(C)C)[C@H](N=CN3CCCCCC3)C2=O
562,demerol,1,[H+].[Cl-].CCOC(=O)C1(CCN(C)CC1)c2ccccc2
1350,mebutamate,1,C(C(C(CC)C)(COC(N)=O)C)OC(N)=O
736,amicycline,0,CN(C)[C@H]1[C@@H]2C[C@@H]3Cc4ccc(N)c(O)c4C(=C3C(=O)[C@]2(O)C(=O)\C(=C(N)/O)C1=O)O
1042,biotin,1,C(C2C1C(NC(N1)=O)CS2)CCCC(O)=O
1321,isoflupredone-acetate,1,[C@H]23[C@@]([C@@]1(C(=CC(=O)C=C1)CC2)C)([C@H](C[C@]4([C@H]3CC[C@@]4(C(COC(C)=O)=O)O)C)O)F
4,24,1,C1CCN(CC1)Cc1cccc(c1)OCCCNC(=O)C
1180,dopamantine,1,C4=C(CCNC(C12CC3CC(C1)CC(C2)C3)=O)C=CC(=C4O)O
1037,berupipam,1,[C@@H]4(C1=C2C(=CC(=C1)Br)CCO2)C3=C(C=C(Cl)C(=C3)O)CCN(C4)C
706,Cytarabine,1,NC1=NC(=O)N(C=C1)[C@@H]2O[C@H](CO)[C@@H](O)[C@@H]2O
271,9-OH-risperidone,1,c1(c2c(cc(F)cc2)on1)C1CCN(CCc2c(n3c([C@@H](CCC3)O)nc2C)=O)CC1
1972,prednisolone-acetate,1,[C@]34([C@H]([C@H]2[C@@H]([C@@]1(C(=CC(=O)C=C1)CC2)C)[C@H](C3)O)CC[C@@]4(C(COC(C)=O)=O)O)C
1828,etryptamine,1,C1=CC=CC2=C1C(=C[NH]2)CC(CC)N
1944,oxomemazine,1,C1=CC=CC3=C1N(C2=C(C=CC=C2)[S]3(=O)=O)CC(CN(C)C)C
1527,ricasetron,1,C3(NC(N1C2=C(C(C)(C)C1)C=CC=C2)=O)C[C@@H]4N(C)[C@H](C3)CC4
1318,ipsapirone,1,[H+].C1=CC=CC2=C1[S](=O)(=O)N(C2=O)CCCCN4CCN(C3=NC=CC=N3)CC4.[Cl-]
1004,anseculin,1,COc2cc1oc(=O)c(C)c(C)c1cc2OCCCN3CCN(CC3)c4ccccc4OC
612,etaqualone,1,CCc1ccccc1N2C(=Nc3ccccc3C2=O)C
925,sisomicin,0,CN[C@@H]1[C@@H](O)[C@H](OC[C@]1(C)O)O[C@H]2[C@H](N)C[C@H](N)[C@@H](O[C@H]3OC(=CC[C@H]3N)CN)[C@@H]2O
128,atropine,0,CN1C2CCC1CC(C2)OC(=O)C(CO)c3ccccc3
207,dopamine,0,NCCc1ccc(O)c(O)c1
1349,mebanazine,1,C1=CC=CC=C1C(NN)C
936,theodrenaline,0,CN1C(=O)N(C)c2ncn(CCNCC(O)c3ccc(O)c(O)c3)c2C1=O
972,alfadolone,1,[C@@H]12C4([C@@H](CCC1[C@H]3C(CC2=O)(C(CC3)C(=O)CO)C)C[C@H](O)CC4)C
769,cefditoren,0,CO\N=C(C(=O)NC1[C@H]2SCC(=C(N2C1=O)C(O)=O)\C=C/c3scnc3C)\c4csc(N)n4
664,imipramine,1,CN(C)CCCN1c2ccccc2CCc3ccccc13
